Smiles,pChEMBL Value,Assay ChEMBL ID
N=C(N)c1cccc(CN2CC[C@H](NS(=O)(=O)c3ccc(-c4ccncc4)s3)C2=O)c1,7.33,CHEMBL3885768
N=C(N)c1cccc(CN2CC[C@H](NS(=O)(=O)c3ccc(-c4ccncc4)s3)C2=O)c1,7.39,CHEMBL3885772
N=C(N)c1cccc(CN2CC[C@H](NS(=O)(=O)c3ccc(-c4ccncc4)s3)C2=O)c1,7.19,CHEMBL3885774
N=C(N)c1cccc(CN2CC[C@H](NS(=O)(=O)c3ccc(-c4ccncc4)s3)C2=O)c1,7.22,CHEMBL3885775
O=C1[C@@H](NS(=O)(=O)c2cc3ncccc3s2)CCN1Cc1cc2ccncc2[nH]1,7.56,CHEMBL3885768
O=C1[C@@H](NS(=O)(=O)c2cc3ncccc3s2)CCN1Cc1cc2ccncc2[nH]1,7.64,CHEMBL3885772
O=C1[C@@H](NS(=O)(=O)c2cc3ncccc3s2)CCN1Cc1cc2ccncc2[nH]1,7.56,CHEMBL3885774
O=C1[C@@H](NS(=O)(=O)c2cc3ncccc3s2)CCN1Cc1cc2ccncc2[nH]1,7.56,CHEMBL3885775
Cc1cccc2cc(C(=O)NC3CCN(C(C)C)CC3)n(Cc3cc(-c4ccc(Cl)s4)on3)c12,8.84,CHEMBL3885768
Cc1cccc2cc(C(=O)NC3CCN(C(C)C)CC3)n(Cc3cc(-c4ccc(Cl)s4)on3)c12,8.84,CHEMBL3885772
Cc1cccc2cc(C(=O)NC3CCN(C(C)C)CC3)n(Cc3cc(-c4ccc(Cl)s4)on3)c12,8.78,CHEMBL3885774
Cc1cccc2cc(C(=O)NC3CCN(C(C)C)CC3)n(Cc3cc(-c4ccc(Cl)s4)on3)c12,8.79,CHEMBL3885775
O=C(NC[C@H]1CN(c2ccc(N3CCOCC3=O)c(C(F)(F)F)c2)C(=O)O1)c1ccc(Cl)s1,9.19,CHEMBL3885768
O=C(NC[C@H]1CN(c2ccc(N3CCOCC3=O)c(C(F)(F)F)c2)C(=O)O1)c1ccc(Cl)s1,9.15,CHEMBL3885772
O=C(NC[C@H]1CN(c2ccc(N3CCOCC3=O)c(C(F)(F)F)c2)C(=O)O1)c1ccc(Cl)s1,9.08,CHEMBL3885774
O=C(NC[C@H]1CN(c2ccc(N3CCOCC3=O)c(C(F)(F)F)c2)C(=O)O1)c1ccc(Cl)s1,9.1,CHEMBL3885775
O=C(NC[C@H]1CN(c2ccc(N3CCSCC3)c(F)c2)C(=O)O1)c1ccc(Cl)s1,7.87,CHEMBL3885768
O=C(NC[C@H]1CN(c2ccc(N3CCSCC3)c(F)c2)C(=O)O1)c1ccc(Cl)s1,7.79,CHEMBL3885772
O=C(NC[C@H]1CN(c2ccc(N3CCSCC3)c(F)c2)C(=O)O1)c1ccc(Cl)s1,7.82,CHEMBL3885774
O=C(NC[C@H]1CN(c2ccc(N3CCSCC3)c(F)c2)C(=O)O1)c1ccc(Cl)s1,7.83,CHEMBL3885775
O=C1COCCN1c1ccc(N2C[C@H](CNS(=O)(=O)c3ccc(Cl)s3)OC2=O)cc1,6.39,CHEMBL3885768
O=C1COCCN1c1ccc(N2C[C@H](CNS(=O)(=O)c3ccc(Cl)s3)OC2=O)cc1,6.37,CHEMBL3885772
O=C1COCCN1c1ccc(N2C[C@H](CNS(=O)(=O)c3ccc(Cl)s3)OC2=O)cc1,6.29,CHEMBL3885774
O=C1COCCN1c1ccc(N2C[C@H](CNS(=O)(=O)c3ccc(Cl)s3)OC2=O)cc1,6.35,CHEMBL3885775
O=C(NC[C@H]1CN(c2ccc(N3CCOCC3)c(F)c2)C(=O)O1)c1ccc(Cl)s1,8.46,CHEMBL3885768
O=C(NC[C@H]1CN(c2ccc(N3CCOCC3)c(F)c2)C(=O)O1)c1ccc(Cl)s1,8.54,CHEMBL3885772
O=C(NC[C@H]1CN(c2ccc(N3CCOCC3)c(F)c2)C(=O)O1)c1ccc(Cl)s1,8.47,CHEMBL3885774
O=C(NC[C@H]1CN(c2ccc(N3CCOCC3)c(F)c2)C(=O)O1)c1ccc(Cl)s1,8.48,CHEMBL3885775
O=C(NC[C@H]1CN(c2ccc(N3CCOCC3=O)cc2)C(=O)O1)c1ccc(Cl)cc1,8.36,CHEMBL3885768
O=C(NC[C@H]1CN(c2ccc(N3CCOCC3=O)cc2)C(=O)O1)c1ccc(Cl)cc1,8.39,CHEMBL3885772
O=C(NC[C@H]1CN(c2ccc(N3CCOCC3=O)cc2)C(=O)O1)c1ccc(Cl)cc1,8.26,CHEMBL3885774
O=C(NC[C@H]1CN(c2ccc(N3CCOCC3=O)cc2)C(=O)O1)c1ccc(Cl)cc1,8.35,CHEMBL3885775
Nc1cc(N2C[C@H](CNC(=O)c3ccc(Cl)s3)OC2=O)ccc1N1CCOCC1=O,9.13,CHEMBL3885768
Nc1cc(N2C[C@H](CNC(=O)c3ccc(Cl)s3)OC2=O)ccc1N1CCOCC1=O,9.1,CHEMBL3885772
Nc1cc(N2C[C@H](CNC(=O)c3ccc(Cl)s3)OC2=O)ccc1N1CCOCC1=O,9.1,CHEMBL3885774
Nc1cc(N2C[C@H](CNC(=O)c3ccc(Cl)s3)OC2=O)ccc1N1CCOCC1=O,9.12,CHEMBL3885775
O=C(NC[C@H]1CN(c2ccc(N3CCOCC3)cc2)C(=O)O1)c1ccc(Cl)s1,8.07,CHEMBL3885768
O=C(NC[C@H]1CN(c2ccc(N3CCOCC3)cc2)C(=O)O1)c1ccc(Cl)s1,8.04,CHEMBL3885772
O=C(NC[C@H]1CN(c2ccc(N3CCOCC3)cc2)C(=O)O1)c1ccc(Cl)s1,8.11,CHEMBL3885774
O=C(NC[C@H]1CN(c2ccc(N3CCOCC3)cc2)C(=O)O1)c1ccc(Cl)s1,8.24,CHEMBL3885775
Cc1cc(N2CCOCC2)ccc1N1C[C@H](CNC(=O)c2ccc(Cl)s2)OC1=O,7.03,CHEMBL3885768
Cc1cc(N2CCOCC2)ccc1N1C[C@H](CNC(=O)c2ccc(Cl)s2)OC1=O,7.24,CHEMBL3885772
Cc1cc(N2CCOCC2)ccc1N1C[C@H](CNC(=O)c2ccc(Cl)s2)OC1=O,6.94,CHEMBL3885774
Cc1cc(N2CCOCC2)ccc1N1C[C@H](CNC(=O)c2ccc(Cl)s2)OC1=O,6.94,CHEMBL3885775
O=C(NC[C@H]1CN(c2ccc(N3CCOCC3=O)cc2)C(=O)O1)c1ccccc1Cl,5.25,CHEMBL3885768
O=C(NC[C@H]1CN(c2ccc(N3CCOCC3=O)cc2)C(=O)O1)c1ccccc1Cl,5.25,CHEMBL3885772
O=C(NC[C@H]1CN(c2ccc(N3CCOCC3=O)cc2)C(=O)O1)c1ccccc1Cl,5.19,CHEMBL3885774
O=C(NC[C@H]1CN(c2ccc(N3CCOCC3=O)cc2)C(=O)O1)c1ccccc1Cl,5.2,CHEMBL3885775
O=C(NC[C@H]1CN(c2ccc(N3CCCC3=O)cc2)C(=O)O1)c1ccc(Cl)s1,9.23,CHEMBL3885768
O=C(NC[C@H]1CN(c2ccc(N3CCCC3=O)cc2)C(=O)O1)c1ccc(Cl)s1,9.24,CHEMBL3885772
O=C(NC[C@H]1CN(c2ccc(N3CCCC3=O)cc2)C(=O)O1)c1ccc(Cl)s1,9.14,CHEMBL3885774
O=C(NC[C@H]1CN(c2ccc(N3CCCC3=O)cc2)C(=O)O1)c1ccc(Cl)s1,9.2,CHEMBL3885775
O=C(NC[C@H]1CN(c2ccc(N3CCOCC3=O)cc2)C(=O)O1)c1ccc(Cl)cn1,7.4,CHEMBL3885768
O=C(NC[C@H]1CN(c2ccc(N3CCOCC3=O)cc2)C(=O)O1)c1ccc(Cl)cn1,7.41,CHEMBL3885772
O=C(NC[C@H]1CN(c2ccc(N3CCOCC3=O)cc2)C(=O)O1)c1ccc(Cl)cn1,7.33,CHEMBL3885774
O=C(NC[C@H]1CN(c2ccc(N3CCOCC3=O)cc2)C(=O)O1)c1ccc(Cl)cn1,7.38,CHEMBL3885775
O=C(NC[C@H]1CN(c2ccc(N3CCNCC3)c(F)c2)C(=O)O1)c1ccc(Cl)s1,7.48,CHEMBL3885768
O=C(NC[C@H]1CN(c2ccc(N3CCNCC3)c(F)c2)C(=O)O1)c1ccc(Cl)s1,7.59,CHEMBL3885772
O=C(NC[C@H]1CN(c2ccc(N3CCNCC3)c(F)c2)C(=O)O1)c1ccc(Cl)s1,7.42,CHEMBL3885774
O=C(NC[C@H]1CN(c2ccc(N3CCNCC3)c(F)c2)C(=O)O1)c1ccc(Cl)s1,7.47,CHEMBL3885775
CN(C[C@H]1CN(c2ccc(N3CCOCC3=O)cc2)C(=O)O1)C(=O)c1ccc(Cl)s1,6.62,CHEMBL3885768
CN(C[C@H]1CN(c2ccc(N3CCOCC3=O)cc2)C(=O)O1)C(=O)c1ccc(Cl)s1,6.59,CHEMBL3885772
CN(C[C@H]1CN(c2ccc(N3CCOCC3=O)cc2)C(=O)O1)C(=O)c1ccc(Cl)s1,6.57,CHEMBL3885774
CN(C[C@H]1CN(c2ccc(N3CCOCC3=O)cc2)C(=O)O1)C(=O)c1ccc(Cl)s1,6.59,CHEMBL3885775
CN(C)c1ccc(N2C[C@H](CNC(=O)c3ccc(Cl)s3)OC2=O)cc1,8.33,CHEMBL3885768
CN(C)c1ccc(N2C[C@H](CNC(=O)c3ccc(Cl)s3)OC2=O)cc1,8.23,CHEMBL3885772
CN(C)c1ccc(N2C[C@H](CNC(=O)c3ccc(Cl)s3)OC2=O)cc1,8.3,CHEMBL3885774
CN(C)c1ccc(N2C[C@H](CNC(=O)c3ccc(Cl)s3)OC2=O)cc1,8.36,CHEMBL3885775
COc1ccc(NC(=O)c2ccc(C(=N)N(C)C)cc2N2CCC(C(=O)O)CC2)c(C(=O)Nc2ccc(Cl)cn2)c1,9.05,CHEMBL968695
COc1ccc(NC(=O)c2ccc(C(=N)N(C)C)cc2N2CCCCC2)c(C(=O)Nc2ccc(Cl)cn2)c1,8.7,CHEMBL968695
CN(C)C(=N)c1ccc(C(=O)Nc2ccc(OCC(=O)O)cc2C(=O)Nc2ccc(Cl)cn2)cc1,8.22,CHEMBL968695
CN(C)C(=N)c1ccc(C(=O)Nc2ccc(Cl)cc2C(=O)Nc2ccc(Cl)cn2)cc1,9.3,CHEMBL968695
CN(C)C(=N)c1ccc(C(=O)Nc2ccc(Cl)cc2C(=O)Nc2ccc(Cl)cn2)c(N2CCC(C(=O)O)CC2)c1,9.15,CHEMBL968695
N=C(c1ccc(C(=O)Nc2ccc(Cl)cc2C(=O)Nc2ccc(Cl)cn2)cc1)N1CCC(C(=O)O)CC1,8.7,CHEMBL968695
CN1CCN=C1c1ccc(C(=O)N2CCN(S(=O)(=O)c3cc4cc(Cl)ccc4[nH]3)CC2CC(=O)N2CCCCC2)cc1,8.15,CHEMBL659609
CN1CCN=C1c1ccc(C(=O)N2CCN(S(=O)(=O)c3cc4ccc(Cl)cc4s3)CC2CC(=O)O)cc1,7.54,CHEMBL659609
C#CCN(C)C(=O)CC1CN(S(=O)(=O)c2cc3ccc(Cl)cc3s2)CCN1C(=O)c1ccc(C2=NCCN2C)cc1,7.72,CHEMBL659609
N=C(c1ccc(C(=O)N2CCN(S(=O)(=O)c3cc4cc(Cl)ccc4[nH]3)CC2)cc1)N1CCCC1,7.08,CHEMBL659609
CN(C)C(=O)CC1CN(S(=O)(=O)c2cc3ccc(Cl)cc3s2)CCN1C(=O)c1ccc(C2=NCCN2C)cc1,8.15,CHEMBL659609
CN1CCN=C1c1ccc(C(=O)N2CCN(S(=O)(=O)c3cc4cc(Cl)ccc4[nH]3)CC2CC(=O)O)cc1,7.39,CHEMBL659609
CN(C)C(=N)c1ccc(C(=O)N2CCN(S(=O)(=O)c3cc4cc(Cl)ccc4[nH]3)CC2)cc1,7.7,CHEMBL659609
CN1CCN=C1c1ccc(C(=O)N2CCN(S(=O)(=O)c3cc4cc(Cl)ccc4[nH]3)CC2CC(N)=O)cc1,7.75,CHEMBL659609
N=C(c1ccc(CN2CCN(S(=O)(=O)c3cc4cc(Cl)ccc4[nH]3)CC2=O)cc1)N1CCCC1,6.62,CHEMBL659609
CN1CCN=C1c1ccc(C(=O)N2CCN(S(=O)(=O)c3cc4ccc(Cl)cc4[nH]3)CC2)cc1,6.23,CHEMBL659609
CN1CCN=C1c1ccc(C(=O)N2CCN(S(=O)(=O)c3cc4ccc(Cl)cc4s3)CC2)cc1,8.05,CHEMBL659609
CN1CCN=C1c1ccc(C(=O)N2CCN(S(=O)(=O)c3cc4cc(Cl)ccc4s3)CC2)cc1,6.57,CHEMBL659609
N=C(c1ccc(CN2CCN(S(=O)(=O)c3cc4ccc(Cl)cc4s3)CC2=O)cc1)N1CCC1,7.96,CHEMBL659609
CN1CCN=C1c1ccc(C(=O)N2CCN(S(=O)(=O)c3cc4cc(Cl)ccc4[nH]3)CC2)cc1,8.3,CHEMBL659609
NS(=O)(=O)c1ccccc1-c1ccc(C(=O)N2CCN(S(=O)(=O)c3ccc4cc(Br)ccc4c3)CC2)cc1,6.62,CHEMBL659609
CN1CCN=C1c1ccc(CN2CCN(S(=O)(=O)c3cc4cc(Cl)ccc4[nH]3)CC2=O)cc1,7.24,CHEMBL659609
N=C(N)c1cccc(Oc2ccc(C(=O)O)cc2NC(=O)c2ccc(-c3ccccc3S(N)(=O)=O)cc2)c1,7.31,CHEMBL885070
N=C(N)c1cccc(Oc2ccc(Cl)cc2C(=O)Nc2ccc(-c3ccccc3S(N)(=O)=O)cc2)c1,8.11,CHEMBL885070
N=C(N)c1cccc(Oc2cc(Br)ccc2NC(=O)c2ccc(-c3ccccc3S(N)(=O)=O)cc2)c1,8.68,CHEMBL885070
CC(=O)Nc1ccc(Oc2cccc(C(=N)N)c2)c(C(=O)Nc2ccc(-c3ccccc3S(N)(=O)=O)cc2)c1,8.11,CHEMBL885070
N=C(N)c1cccc(OCCN(Cc2ccoc2)C(=O)c2ccc(-c3ccccc3S(N)(=O)=O)cc2)c1,8.11,CHEMBL885070
Nc1nccc2ccc(OCC(c3ccccc3)N3Cc4cc(-c5ccccc5S(N)(=O)=O)ccc4C3=O)cc12,6.21,CHEMBL885070
Nc1nccc2ccc(OCC(Cc3ccccc3)N3Cc4cc(-c5ccccc5S(N)(=O)=O)ccc4C3=O)cc12,6.65,CHEMBL885070
N=C(N)c1cccc(OCCN(Cc2ccccc2)C(=O)c2ccc(-c3ccccc3S(N)(=O)=O)cc2)c1,7.85,CHEMBL885070
N=C(N)c1cccc(Oc2ccccc2NC(=O)c2ccc(-c3ccccc3S(N)(=O)=O)cc2)c1,8.44,CHEMBL885070
N=C(c1ccc(C(=O)N2CCN(S(=O)(=O)c3ccc4cc(Br)ccc4c3)CC2)cc1)N1CCCCC1,6.8,CHEMBL659609
CN1CCN=C1c1ccc(CN2CCN(S(=O)(=O)c3cc4ccc(Cl)cc4s3)CC2=O)cc1,7.35,CHEMBL659609
CN1CCN=C1c1ccc(C(=O)N2CCN(S(=O)(=O)c3cc4ccc(Cl)cc4s3)CC2CC(=O)N2CCC(C(=O)O)CC2)cc1,8.1,CHEMBL659609
CNC(=O)CC1CN(S(=O)(=O)c2cc3cc(Cl)ccc3[nH]2)CCN1C(=O)c1ccc(C2=NCCN2C)cc1,7.96,CHEMBL659609
N=C(c1ccc(CN2CCN(S(=O)(=O)c3cc4cc(Cl)ccc4[nH]3)CC2=O)cc1)N1CCCCC1,6.82,CHEMBL659609
CN1CCN=C1c1ccc(C(=O)N2CCN(S(=O)(=O)c3cc4ccc(Cl)cc4s3)CC2CC(=O)N2CCCC2)cc1,8.22,CHEMBL659609
N=C(c1ccc(C(=O)N2CCN(S(=O)(=O)c3cc4ccc(Cl)cc4s3)CC2)cc1)N1CCCCC1,7.15,CHEMBL659609
N=C(c1ccc(CN2CCN(S(=O)(=O)c3cc4ccc(Cl)cc4s3)CC2=O)cc1)N1CCCCC1,7.0,CHEMBL659609
CN(C)C(=N)c1ccc(CN2CCN(S(=O)(=O)c3cc4cc(Cl)ccc4[nH]3)CC2=O)cc1,7.43,CHEMBL659609
CN1CCN=C1c1ccc(C(=O)N2CCN(S(=O)(=O)c3cc4ccc(Cl)cc4s3)CC2CC(=O)N2CCN(c3ccncc3)CC2)cc1,8.1,CHEMBL659609
Nc1nccc2ccc(CN3CC[C@H](NS(=O)(=O)c4cc5ncccc5s4)C3=O)cc12,7.42,CHEMBL3885768
Nc1nccc2ccc(CN3CC[C@H](NS(=O)(=O)c4cc5ncccc5s4)C3=O)cc12,7.57,CHEMBL3885772
Nc1nccc2ccc(CN3CC[C@H](NS(=O)(=O)c4cc5ncccc5s4)C3=O)cc12,7.38,CHEMBL3885774
Nc1nccc2ccc(CN3CC[C@H](NS(=O)(=O)c4cc5ncccc5s4)C3=O)cc12,7.36,CHEMBL3885775
COCCOc1cc2cc(C(=O)NC3CCN(C(C)C)CC3)n(CC(=O)Nc3ccc(Cl)cn3)c2cn1,8.29,CHEMBL3885768
COCCOc1cc2cc(C(=O)NC3CCN(C(C)C)CC3)n(CC(=O)Nc3ccc(Cl)cn3)c2cn1,8.32,CHEMBL3885772
COCCOc1cc2cc(C(=O)NC3CCN(C(C)C)CC3)n(CC(=O)Nc3ccc(Cl)cn3)c2cn1,8.25,CHEMBL3885774
COCCOc1cc2cc(C(=O)NC3CCN(C(C)C)CC3)n(CC(=O)Nc3ccc(Cl)cn3)c2cn1,8.28,CHEMBL3885775
O=C(O)c1ccc2c(c1)nc(C(=O)NC1CCN(C3CC3)CC1)n2Cc1cc(-c2ccc(Cl)s2)on1,7.68,CHEMBL3885768
O=C(O)c1ccc2c(c1)nc(C(=O)NC1CCN(C3CC3)CC1)n2Cc1cc(-c2ccc(Cl)s2)on1,7.7,CHEMBL3885772
O=C(O)c1ccc2c(c1)nc(C(=O)NC1CCN(C3CC3)CC1)n2Cc1cc(-c2ccc(Cl)s2)on1,7.68,CHEMBL3885774
O=C(O)c1ccc2c(c1)nc(C(=O)NC1CCN(C3CC3)CC1)n2Cc1cc(-c2ccc(Cl)s2)on1,7.71,CHEMBL3885775
O=C(NC[C@H]1CN(c2ccc(N3CCOCC3=O)c(F)c2)C(=O)O1)c1ccc(Cl)s1,9.72,CHEMBL3885768
O=C(NC[C@H]1CN(c2ccc(N3CCOCC3=O)c(F)c2)C(=O)O1)c1ccc(Cl)s1,9.67,CHEMBL3885772
O=C(NC[C@H]1CN(c2ccc(N3CCOCC3=O)c(F)c2)C(=O)O1)c1ccc(Cl)s1,9.62,CHEMBL3885774
O=C(NC[C@H]1CN(c2ccc(N3CCOCC3=O)c(F)c2)C(=O)O1)c1ccc(Cl)s1,9.67,CHEMBL3885775
O=C(NC[C@H]1CN(c2ccc(N3CCOCC3=O)cc2)C(=O)O1)c1cnc(Cl)s1,6.78,CHEMBL3885768
O=C(NC[C@H]1CN(c2ccc(N3CCOCC3=O)cc2)C(=O)O1)c1cnc(Cl)s1,6.85,CHEMBL3885772
O=C(NC[C@H]1CN(c2ccc(N3CCOCC3=O)cc2)C(=O)O1)c1cnc(Cl)s1,6.76,CHEMBL3885774
O=C(NC[C@H]1CN(c2ccc(N3CCOCC3=O)cc2)C(=O)O1)c1cnc(Cl)s1,6.8,CHEMBL3885775
Cc1ccc(C(=O)NC[C@H]2CN(c3ccc(N4CCOCC4=O)cc3)C(=O)O2)s1,8.98,CHEMBL3885768
Cc1ccc(C(=O)NC[C@H]2CN(c3ccc(N4CCOCC4=O)cc3)C(=O)O2)s1,8.99,CHEMBL3885772
Cc1ccc(C(=O)NC[C@H]2CN(c3ccc(N4CCOCC4=O)cc3)C(=O)O2)s1,8.94,CHEMBL3885774
Cc1ccc(C(=O)NC[C@H]2CN(c3ccc(N4CCOCC4=O)cc3)C(=O)O2)s1,9.11,CHEMBL3885775
O=C(NC[C@@H]1CN(c2ccc(N3CCOCC3=O)cc2)C(=O)O1)c1ccc(Cl)s1,7.55,CHEMBL3885768
O=C(NC[C@@H]1CN(c2ccc(N3CCOCC3=O)cc2)C(=O)O1)c1ccc(Cl)s1,7.58,CHEMBL3885772
O=C(NC[C@@H]1CN(c2ccc(N3CCOCC3=O)cc2)C(=O)O1)c1ccc(Cl)s1,7.48,CHEMBL3885774
O=C(NC[C@@H]1CN(c2ccc(N3CCOCC3=O)cc2)C(=O)O1)c1ccc(Cl)s1,7.5,CHEMBL3885775
O=C(NC[C@H]1CN(c2ccc(N3CCOCC3=O)cc2)C(=O)O1)c1cccc(Cl)c1,6.43,CHEMBL3885768
O=C(NC[C@H]1CN(c2ccc(N3CCOCC3=O)cc2)C(=O)O1)c1cccc(Cl)c1,6.37,CHEMBL3885772
O=C(NC[C@H]1CN(c2ccc(N3CCOCC3=O)cc2)C(=O)O1)c1cccc(Cl)c1,6.37,CHEMBL3885774
O=C(NC[C@H]1CN(c2ccc(N3CCOCC3=O)cc2)C(=O)O1)c1cccc(Cl)c1,6.44,CHEMBL3885775
O=C(NC[C@H]1CN(c2ccc(N3CCCC3)c(F)c2)C(=O)O1)c1ccc(Cl)s1,8.69,CHEMBL3885768
O=C(NC[C@H]1CN(c2ccc(N3CCCC3)c(F)c2)C(=O)O1)c1ccc(Cl)s1,8.79,CHEMBL3885772
O=C(NC[C@H]1CN(c2ccc(N3CCCC3)c(F)c2)C(=O)O1)c1ccc(Cl)s1,8.76,CHEMBL3885774
O=C(NC[C@H]1CN(c2ccc(N3CCCC3)c(F)c2)C(=O)O1)c1ccc(Cl)s1,8.78,CHEMBL3885775
O=C(NC[C@H]1CN(c2ccc(N3CCOCC3=O)cc2)C(=O)O1)c1ccc(Br)o1,8.39,CHEMBL3885768
O=C(NC[C@H]1CN(c2ccc(N3CCOCC3=O)cc2)C(=O)O1)c1ccc(Br)o1,8.4,CHEMBL3885772
O=C(NC[C@H]1CN(c2ccc(N3CCOCC3=O)cc2)C(=O)O1)c1ccc(Br)o1,8.3,CHEMBL3885774
O=C(NC[C@H]1CN(c2ccc(N3CCOCC3=O)cc2)C(=O)O1)c1ccc(Br)o1,8.38,CHEMBL3885775
O=C(NC[C@H]1CN(c2ccc(N3CCOCC3=O)cc2)C(=O)O1)c1ccc(Br)s1,9.03,CHEMBL3885768
O=C(NC[C@H]1CN(c2ccc(N3CCOCC3=O)cc2)C(=O)O1)c1ccc(Br)s1,9.11,CHEMBL3885772
O=C(NC[C@H]1CN(c2ccc(N3CCOCC3=O)cc2)C(=O)O1)c1ccc(Br)s1,8.99,CHEMBL3885774
O=C(NC[C@H]1CN(c2ccc(N3CCOCC3=O)cc2)C(=O)O1)c1ccc(Br)s1,9.07,CHEMBL3885775
CCOc1cc2c(N)nccc2cc1C[C@H](C(=O)O)N1CC[C@H](NS(=O)(=O)c2cnc(N3CCC(F)(F)C3)s2)C1=O,6.72,CHEMBL3887092
COC(=O)[C@@H](Cc1cc2ccnc(N)c2cc1OC(F)(F)F)N1CC[C@H](NS(=O)(=O)c2cnc(N3CCC(F)(F)C3)s2)C1=O,5.21,CHEMBL3887092
COC(=O)[C@@H](Cc1cc2ccnc(N)c2cc1F)N1CC[C@H](NS(=O)(=O)c2cnc(N(C)C)c(Cl)c2)C1=O,5.42,CHEMBL3887092
COc1cc2c(N)nccc2cc1C[C@H](C(=O)O)N1CC[C@H](NS(=O)(=O)c2ccc(N(C)C)nc2)C1=O,8.7,CHEMBL3887092
CCOC(=O)[C@@H](Cc1cc2ccnc(N)c2cc1OC)N1CC[C@H](NS(=O)(=O)c2ccc(N(C)C)nc2)C1=O,7.01,CHEMBL3887092
COC(=O)[C@@H](Cc1cc2ccnc(N)c2cc1C(F)(F)F)N1CC[C@H](NS(=O)(=O)c2cnc(N3CCCC3)s2)C1=O,5.49,CHEMBL3887092
Nc1nccc2cc(C[C@H](C(=O)O)N3CC[C@H](NS(=O)(=O)c4cnc(N5CCC(F)(F)C5)s4)C3=O)c(F)cc12,5.92,CHEMBL3887092
COc1cc2c(N)nccc2cc1C[C@H](C(=O)OC(C)C)N1CC[C@H](NS(=O)(=O)c2cnc(N(C)C)s2)C1=O,7.68,CHEMBL3887092
COC(=O)[C@@H](Cc1cc2ccnc(N)c2cc1C(F)(F)F)N1CC[C@H](NS(=O)(=O)c2cnc(N3CCC3)s2)C1=O,5.51,CHEMBL3887092
CCc1cc2c(N)nccc2cc1C[C@H](C(=O)O)N1CC[C@H](NS(=O)(=O)c2ccc(N(C)C)nc2)C1=O,7.5,CHEMBL3887092
CCc1cc2c(N)nccc2cc1C[C@H](C(=O)O)N1CC[C@H](NS(=O)(=O)c2ccc(N(C)C)nc2)C1=O,7.5,CHEMBL3887092
COc1cc2c(N)nccc2cc1C[C@H](C(=O)OCC1CC1)N1CC[C@H](NS(=O)(=O)c2cnc(N(C)C)s2)C1=O,7.54,CHEMBL3887092
Cc1cc(S(=O)(=O)N[C@H]2CCN([C@H](Cc3cc4ccnc(N)c4cc3OC(F)(F)F)C(=O)O)C2=O)cnc1N(C)C,6.09,CHEMBL3887092
COc1cc2c(N)nccc2cc1C[C@H](C(=O)O)N1CC[C@H](NS(=O)(=O)c2cnc(N3CCCC3)s2)C1=O,8.4,CHEMBL3887092
CC(C)N1CCC(NC(=O)c2cc3ccccc3n2CC(=O)Nc2ccc(Br)cc2)CC1,8.62,CHEMBL3885768
CC(C)N1CCC(NC(=O)c2cc3ccccc3n2CC(=O)Nc2ccc(Br)cc2)CC1,8.66,CHEMBL3885772
CC(C)N1CCC(NC(=O)c2cc3ccccc3n2CC(=O)Nc2ccc(Br)cc2)CC1,8.57,CHEMBL3885774
CC(C)N1CCC(NC(=O)c2cc3ccccc3n2CC(=O)Nc2ccc(Br)cc2)CC1,8.77,CHEMBL3885775
O=C(CCNC(=O)c1ccc(Cl)s1)Nc1ccc(N2CCOCC2=O)c(C(F)(F)F)c1,8.34,CHEMBL3885768
O=C(CCNC(=O)c1ccc(Cl)s1)Nc1ccc(N2CCOCC2=O)c(C(F)(F)F)c1,8.44,CHEMBL3885772
O=C(CCNC(=O)c1ccc(Cl)s1)Nc1ccc(N2CCOCC2=O)c(C(F)(F)F)c1,8.58,CHEMBL3885774
O=C(CCNC(=O)c1ccc(Cl)s1)Nc1ccc(N2CCOCC2=O)c(C(F)(F)F)c1,8.72,CHEMBL3885775
CCCCOC(=O)[C@@H](Cc1cc2ccnc(N)c2cc1Cl)N1CC[C@H](NS(=O)(=O)c2cnc(N3CCCC3)s2)C1=O,6.0,CHEMBL3887092
O=C(Nc1ccc(-n2ccccc2=O)cc1F)c1nc(CNC(=O)c2ccc(Cl)s2)no1,9.15,CHEMBL3885768
O=C(Nc1ccc(-n2ccccc2=O)cc1F)c1nc(CNC(=O)c2ccc(Cl)s2)no1,9.18,CHEMBL3885772
O=C(Nc1ccc(-n2ccccc2=O)cc1F)c1nc(CNC(=O)c2ccc(Cl)s2)no1,9.05,CHEMBL3885774
O=C(Nc1ccc(-n2ccccc2=O)cc1F)c1nc(CNC(=O)c2ccc(Cl)s2)no1,9.07,CHEMBL3885775
Cc1cc(S(=O)(=O)N[C@H]2CCN([C@H](Cc3cc4ccnc(N)c4cc3Cl)C(=O)O)C2=O)cnc1N(C)C,6.19,CHEMBL3887092
N#Cc1cc2c(N)nccc2cc1C[C@H](C(=O)O)N1CC[C@H](NS(=O)(=O)c2cnc(N3CCCC3)s2)C1=O,7.6,CHEMBL3887092
O=C(Nc1ccc(N2CCOCC2=O)cc1)c1cc(CO)n(Cc2cc(-c3ccc(Cl)s3)on2)n1,8.85,CHEMBL3885768
O=C(Nc1ccc(N2CCOCC2=O)cc1)c1cc(CO)n(Cc2cc(-c3ccc(Cl)s3)on2)n1,8.91,CHEMBL3885772
O=C(Nc1ccc(N2CCOCC2=O)cc1)c1cc(CO)n(Cc2cc(-c3ccc(Cl)s3)on2)n1,8.79,CHEMBL3885774
O=C(Nc1ccc(N2CCOCC2=O)cc1)c1cc(CO)n(Cc2cc(-c3ccc(Cl)s3)on2)n1,8.74,CHEMBL3885775
CCOC(=O)[C@@H](Cc1cc2ccnc(N)c2cc1OC)N1CC[C@H](NS(=O)(=O)c2cnc(N(C)C)c(C)c2)C1=O,5.8,CHEMBL3887092
COc1cc2c(N)nccc2cc1C[C@H](C(=O)OC(C)C)N1CC[C@H](NS(=O)(=O)c2cnc(N3CCC(F)(F)C3)s2)C1=O,6.2,CHEMBL3887092
Nc1nccc2cc(C[C@H](C(=O)O)N3CC[C@H](NS(=O)(=O)c4cnc(N5CCC(F)(F)C5)s4)C3=O)c(OC(F)(F)F)cc12,6.25,CHEMBL3887092
CCOc1cc2c(N)nccc2cc1C[C@H](C(=O)O)N1CC[C@H](NS(=O)(=O)c2cnc(N3CCCC3)s2)C1=O,8.08,CHEMBL3887092
CCOc1cc2c(N)nccc2cc1C[C@H](C(=O)O)N1CC[C@H](NS(=O)(=O)c2cnc(N(C)C)s2)C1=O,7.17,CHEMBL3887092
COC(=O)[C@@H](Cc1cc2ccnc(N)c2cc1OC(F)(F)F)N1CC[C@H](NS(=O)(=O)c2cnc(N(C)C)c(C)c2)C1=O,5.26,CHEMBL3887092
CCOC(=O)[C@@H](Cc1cc2ccnc(N)c2cc1OC)N1CC[C@H](NS(=O)(=O)c2cnc(N3CCC(F)(F)C3)s2)C1=O,6.92,CHEMBL3887092
CCOC(C(=O)NCc1ccc(C(=N)N)cc1OCC(N)=O)c1c(F)cc(OCc2ccccn2)cc1F.Cl,7.64,CHEMBL3885768
CCOC(C(=O)NCc1ccc(C(=N)N)cc1OCC(N)=O)c1c(F)cc(OCc2ccccn2)cc1F.Cl,7.63,CHEMBL3885772
CCOC(C(=O)NCc1ccc(C(=N)N)cc1OCC(N)=O)c1c(F)cc(OCc2ccccn2)cc1F.Cl,7.5,CHEMBL3885774
CCOC(C(=O)NCc1ccc(C(=N)N)cc1OCC(N)=O)c1c(F)cc(OCc2ccccn2)cc1F.Cl,7.48,CHEMBL3885775
COC(=O)[C@@H](Cc1cc2ccnc(N)c2cc1Cl)N1CC[C@H](NS(=O)(=O)c2ccc(N(C)C)nc2)C1=O,6.33,CHEMBL3887092
CN(C)c1ncc(S(=O)(=O)N[C@H]2CCN([C@H](Cc3cc4ccnc(N)c4cc3C(F)(F)F)C(=O)O)C2=O)s1,7.48,CHEMBL3887092
Nc1nccc2cc(C[C@H](C(=O)O)N3CC[C@H](NS(=O)(=O)c4cnc(N5CCCC5)s4)C3=O)c(Cl)cc12,7.57,CHEMBL3887092
CN(C)c1ncc(S(=O)(=O)N[C@H]2CCN([C@H](Cc3cc4ccnc(N)c4cc3OC(F)(F)F)C(=O)O)C2=O)s1,7.85,CHEMBL3887092
Cc1cc2c(N)nccc2cc1C[C@H](C(=O)O)N1CC[C@H](NS(=O)(=O)c2cnc(N(C)C)s2)C1=O,7.47,CHEMBL3887092
CN(c1ncc(S(=O)(=O)N[C@H]2CCN([C@H](Cc3cc4ccnc(N)c4cc3Cl)C(=O)O)C2=O)s1)C1CCC1,6.57,CHEMBL3887092
CCc1cc2c(N)nccc2cc1C[C@H](C(=O)O)N1CC[C@H](NS(=O)(=O)c2cnc(N(C)C)s2)C1=O,7.92,CHEMBL3887092
Nc1nccc2cc(C[C@H](C(=O)O)N3CC[C@H](NS(=O)(=O)c4cnc(N5CCCC5)s4)C3=O)c(C(F)(F)F)cc12,6.43,CHEMBL3887092
COC(=O)[C@@H](Cc1cc2ccnc(N)c2cc1C#N)N1CC[C@H](NS(=O)(=O)c2cnc(N3CCCC3)s2)C1=O,5.97,CHEMBL3887092
COC(=O)[C@@H](Cc1cc2ccnc(N)c2cc1C(F)(F)F)N1CC[C@H](NS(=O)(=O)c2ccc(N(C)C)nc2)C1=O,5.61,CHEMBL3887092
COC(=O)[C@@H](Cc1cc2ccnc(N)c2cc1OC(F)(F)F)N1CC[C@H](NS(=O)(=O)c2cnc(N(C)C)c(Cl)c2)C1=O,5.55,CHEMBL3887092
CN(C)c1ncc(S(=O)(=O)N[C@H]2CCN([C@H](Cc3cc4ccnc(N)c4cc3F)C(=O)O)C2=O)cc1Cl,5.72,CHEMBL3887092
COc1cc2c(N)nccc2cc1C[C@H](C(=O)OCC1CC1)N1CC[C@H](NS(=O)(=O)c2cnc(N3CCC(F)(F)C3)s2)C1=O,6.0,CHEMBL3887092
CN(C)c1ncc(S(=O)(=O)N[C@H]2CCN([C@H](Cc3cc4ccnc(N)c4cc3Cl)C(=O)O)C2=O)s1,8.3,CHEMBL3887092
COC(=O)[C@@H](Cc1cc2ccnc(N)c2cc1OC(F)(F)F)N1CC[C@H](NS(=O)(=O)c2ccc(N(C)C)nc2)C1=O,5.96,CHEMBL3887092
COc1ccc2ccc(S(=O)(=O)N[C@H]3CCN(Cc4ccc5nc(N)[nH]c5c4)C3=O)cc2c1,5.48,CHEMBL3885768
COc1ccc2ccc(S(=O)(=O)N[C@H]3CCN(Cc4ccc5nc(N)[nH]c5c4)C3=O)cc2c1,5.5,CHEMBL3885772
COc1ccc2ccc(S(=O)(=O)N[C@H]3CCN(Cc4ccc5nc(N)[nH]c5c4)C3=O)cc2c1,5.15,CHEMBL3885774
COc1ccc2ccc(S(=O)(=O)N[C@H]3CCN(Cc4ccc5nc(N)[nH]c5c4)C3=O)cc2c1,5.48,CHEMBL3885775
COc1ccc2ccc(S(=O)(=O)N[C@H]3CCN(Cc4ccc5nc(N)[nH]c5c4)C3=O)cc2c1,5.33,CHEMBL3885775
CCOC(=O)[C@@H](Cc1cc2ccnc(N)c2cc1OC)N1CC[C@H](NS(=O)(=O)c2cnc(N3CCCC3)s2)C1=O,7.13,CHEMBL3887092
Nc1nccc2c(F)c(C[C@H](C(=O)O)N3CC[C@H](NS(=O)(=O)c4ccc(N5CCCC5)nc4)C3=O)ccc12,5.33,CHEMBL3887092
CN(C)c1ncc(S(=O)(=O)N[C@H]2CCN([C@H](Cc3cc4ccnc(N)c4cc3Cl)C(=O)O)C2=O)cc1Cl,6.23,CHEMBL3887092
COCCOc1cc2c(N)nccc2cc1C[C@H](C(=O)O)N1CC[C@H](NS(=O)(=O)c2cnc(N(C)C)s2)C1=O,8.85,CHEMBL3887092
Cc1cc(S(=O)(=O)N[C@H]2CCN([C@H](Cc3cc4ccnc(N)c4cc3F)C(=O)O)C2=O)cnc1N(C)C,5.56,CHEMBL3887092
Nc1nccc2cc(C[C@H](C(=O)O)N3CC[C@H](NS(=O)(=O)c4cnc(N5CCC(F)(F)C5)s4)C3=O)c(C(F)(F)F)cc12,5.66,CHEMBL3887092
CCOC(=O)[C@@H](Cc1cc2ccnc(N)c2cc1Cl)N1CC[C@H](NS(=O)(=O)c2cnc(N3CCCC3)s2)C1=O,6.03,CHEMBL3887092
COC(=O)[C@@H](Cc1cc2ccnc(N)c2cc1F)N1CC[C@H](NS(=O)(=O)c2ccc(N(C)C)nc2)C1=O,6.4,CHEMBL3887092
CN(C)c1ccc(S(=O)(=O)N[C@H]2CCN(C(Cc3cc4ccnc(N)c4cc3O)C(=O)O)C2=O)cn1,8.19,CHEMBL3887092
CN(C)c1ccc(S(=O)(=O)N[C@H]2CCN([C@H](Cc3cc4ccnc(N)c4cc3F)C(=O)O)C2=O)cn1,7.38,CHEMBL3887092
COC(=O)[C@@H](Cc1cc2ccnc(N)c2cc1OC(F)(F)F)N1CC[C@H](NS(=O)(=O)c2cnc(N3CCCC3)s2)C1=O,5.95,CHEMBL3887092
CN(C)c1ncc(S(=O)(=O)N[C@H]2CCN([C@H](Cc3ccc4c(N)nccc4c3F)C(=O)O)C2=O)s1,6.7,CHEMBL3887092
Nc1nccc2cc(C[C@H](C(=O)O)N3CC[C@H](NS(=O)(=O)c4cnc(N5CCCC5)s4)C3=O)c(OC(F)(F)F)cc12,7.38,CHEMBL3887092
O=C(CN1CC(O)C(NC(=O)c2ccc(Cl)s2)C1)Nc1ccc(-n2ccccc2=O)cc1F,8.9,CHEMBL3885768
O=C(CN1CC(O)C(NC(=O)c2ccc(Cl)s2)C1)Nc1ccc(-n2ccccc2=O)cc1F,8.8,CHEMBL3885772
O=C(CN1CC(O)C(NC(=O)c2ccc(Cl)s2)C1)Nc1ccc(-n2ccccc2=O)cc1F,8.79,CHEMBL3885774
O=C(CN1CC(O)C(NC(=O)c2ccc(Cl)s2)C1)Nc1ccc(-n2ccccc2=O)cc1F,8.85,CHEMBL3885775
O=C(CCNC(=O)c1ccc(Cl)s1)Nc1ccc(N2CCOCC2=O)cc1,8.14,CHEMBL3885768
O=C(CCNC(=O)c1ccc(Cl)s1)Nc1ccc(N2CCOCC2=O)cc1,8.1,CHEMBL3885772
O=C(CCNC(=O)c1ccc(Cl)s1)Nc1ccc(N2CCOCC2=O)cc1,8.04,CHEMBL3885774
O=C(CCNC(=O)c1ccc(Cl)s1)Nc1ccc(N2CCOCC2=O)cc1,8.12,CHEMBL3885775
CN(C)c1ccc(S(=O)(=O)N[C@H]2CCN([C@H](Cc3cc4ccnc(N)c4cc3OC(F)(F)F)C(=O)O)C2=O)cn1,7.47,CHEMBL3887092
COC(=O)[C@@H](Cc1cc2ccnc(N)c2cc1C(F)(F)F)N1CC[C@H](NS(=O)(=O)c2cnc(N(C)C)s2)C1=O,6.1,CHEMBL3887092
CN(C)c1ccc(S(=O)(=O)N[C@H]2CCN([C@H](Cc3cc4ccnc(N)c4cc3C(F)(F)F)C(=O)O)C2=O)cn1,6.62,CHEMBL3887092
O=C(Cn1c(C(=O)Nc2ccc(-n3ccncc3=O)cc2)nc2ccccc21)Nc1ccc(Cl)cn1,7.92,CHEMBL3885768
O=C(Cn1c(C(=O)Nc2ccc(-n3ccncc3=O)cc2)nc2ccccc21)Nc1ccc(Cl)cn1,7.92,CHEMBL3885772
O=C(Cn1c(C(=O)Nc2ccc(-n3ccncc3=O)cc2)nc2ccccc21)Nc1ccc(Cl)cn1,7.86,CHEMBL3885774
O=C(Cn1c(C(=O)Nc2ccc(-n3ccncc3=O)cc2)nc2ccccc21)Nc1ccc(Cl)cn1,7.87,CHEMBL3885775
Nc1nccc2cc(C[C@H](C(=O)O)N3CC[C@H](NS(=O)(=O)c4cnc(N5CCCC5)s4)C3=O)c(F)cc12,7.33,CHEMBL3887092
Nc1nccc2cc(C[C@H](C(=O)O)N3CC[C@H](NS(=O)(=O)c4cnc(N5CCC5)s4)C3=O)c(C(F)(F)F)cc12,6.25,CHEMBL3887092
CO[C@@H]1CN(C(=O)Nc2ccc(-n3ccccc3=O)cc2F)C[C@H]1CNC(=O)c1ccc(Cl)s1,8.48,CHEMBL3885768
CO[C@@H]1CN(C(=O)Nc2ccc(-n3ccccc3=O)cc2F)C[C@H]1CNC(=O)c1ccc(Cl)s1,8.58,CHEMBL3885772
CO[C@@H]1CN(C(=O)Nc2ccc(-n3ccccc3=O)cc2F)C[C@H]1CNC(=O)c1ccc(Cl)s1,8.47,CHEMBL3885774
CO[C@@H]1CN(C(=O)Nc2ccc(-n3ccccc3=O)cc2F)C[C@H]1CNC(=O)c1ccc(Cl)s1,8.55,CHEMBL3885775
CCc1cc2c(N)nccc2cc1C[C@H](C(=O)O)N1CC[C@H](NS(=O)(=O)c2cnc(N3CCCC3)s2)C1=O,7.32,CHEMBL3887092
COc1cc2c(N)nccc2cc1C[C@H](C(=O)OC1CCCC1)N1CC[C@H](NS(=O)(=O)c2cnc(N(C)C)s2)C1=O,7.37,CHEMBL3887092
O=C(NCCS(=O)(=O)Nc1ccc(-n2ccncc2=O)cc1)c1ccc(Cl)s1,7.52,CHEMBL3885768
O=C(NCCS(=O)(=O)Nc1ccc(-n2ccncc2=O)cc1)c1ccc(Cl)s1,7.52,CHEMBL3885772
O=C(NCCS(=O)(=O)Nc1ccc(-n2ccncc2=O)cc1)c1ccc(Cl)s1,7.51,CHEMBL3885774
O=C(NCCS(=O)(=O)Nc1ccc(-n2ccncc2=O)cc1)c1ccc(Cl)s1,7.51,CHEMBL3885775
Cc1cc2c(N)nccc2cc1C[C@H](C(=O)O)N1CC[C@H](NS(=O)(=O)c2cnc(N3CCCC3)s2)C1=O,6.82,CHEMBL3887092
Nc1ncnc2cc(CN3C(=O)CN(S(=O)(=O)c4cc5ccc(Cl)cc5s4)CC3C(=O)O)ccc12,9.19,CHEMBL3885768
Nc1ncnc2cc(CN3C(=O)CN(S(=O)(=O)c4cc5ccc(Cl)cc5s4)CC3C(=O)O)ccc12,9.17,CHEMBL3885772
Nc1ncnc2cc(CN3C(=O)CN(S(=O)(=O)c4cc5ccc(Cl)cc5s4)CC3C(=O)O)ccc12,9.14,CHEMBL3885774
Nc1ncnc2cc(CN3C(=O)CN(S(=O)(=O)c4cc5ccc(Cl)cc5s4)CC3C(=O)O)ccc12,9.18,CHEMBL3885775
O=C(Nc1ccc(-n2ccccc2=O)cc1F)[C@H]1Cc2ccccc2CN1C(=O)Nc1ccc(Cl)cn1,9.09,CHEMBL3885768
O=C(Nc1ccc(-n2ccccc2=O)cc1F)[C@H]1Cc2ccccc2CN1C(=O)Nc1ccc(Cl)cn1,9.16,CHEMBL3885772
O=C(Nc1ccc(-n2ccccc2=O)cc1F)[C@H]1Cc2ccccc2CN1C(=O)Nc1ccc(Cl)cn1,9.07,CHEMBL3885774
O=C(Nc1ccc(-n2ccccc2=O)cc1F)[C@H]1Cc2ccccc2CN1C(=O)Nc1ccc(Cl)cn1,9.11,CHEMBL3885775
Nc1nccc2cc(C[C@H](C(=O)O)N3CC[C@H](NS(=O)(=O)c4cnc(N5CCC5)s4)C3=O)c(Cl)cc12,7.72,CHEMBL3887092
COC(=O)[C@@H](Cc1cc2ccnc(N)c2cc1Cl)N1CC[C@H](NS(=O)(=O)c2cnc(N3CCC(F)(F)C3)s2)C1=O,5.26,CHEMBL3887092
COc1cc2c(N)nccc2cc1C[C@H](C(=O)O)N1CC[C@H](NS(=O)(=O)c2cnc(N(C)C)c(Cl)c2)C1=O,7.0,CHEMBL3887092
COc1cc2c(N)nccc2cc1C[C@H](C(=O)O)N1CC[C@H](NS(=O)(=O)c2cnc(N(C)C)s2)C1=O,5.7,CHEMBL3887092
COC(=O)[C@@H](Cc1cc2ccnc(N)c2cc1Cl)N1CC[C@H](NS(=O)(=O)c2cnc(N(C)C)c(Cl)c2)C1=O,5.42,CHEMBL3887092
CN(C)c1ncc(S(=O)(=O)N[C@H]2CCN([C@H](Cc3cc4ccnc(N)c4cc3OC(F)(F)F)C(=O)O)C2=O)cc1Cl,5.78,CHEMBL3887092
CCOc1cc(OC2CCN(C)CC2)c(F)c([C@@H](Nc2ccc(C(=N)N)cc2)C(=O)O)c1,6.12,CHEMBL3885768
CCOc1cc(OC2CCN(C)CC2)c(F)c([C@@H](Nc2ccc(C(=N)N)cc2)C(=O)O)c1,6.0,CHEMBL3885772
CCOc1cc(OC2CCN(C)CC2)c(F)c([C@@H](Nc2ccc(C(=N)N)cc2)C(=O)O)c1,5.87,CHEMBL3885774
CCOc1cc(OC2CCN(C)CC2)c(F)c([C@@H](Nc2ccc(C(=N)N)cc2)C(=O)O)c1,5.96,CHEMBL3885775
Nc1nccc2cc(C[C@H](C(=O)O)N3CC[C@H](NS(=O)(=O)c4cnc(N5CCC(F)(F)C5)s4)C3=O)c(Cl)cc12,6.72,CHEMBL3887092
Nc1nccc2cc(C[C@H](C(=O)O)N3CC[C@H](NS(=O)(=O)c4cnc(N5CCC5)s4)C3=O)c(OC(F)(F)F)cc12,7.46,CHEMBL3887092
CO[C@H]1C[C@H](C(=O)Nc2ccc(-n3ccccc3=O)cc2F)C[C@@H]1NC(=O)c1ccc(Cl)s1,8.52,CHEMBL3885768
CO[C@H]1C[C@H](C(=O)Nc2ccc(-n3ccccc3=O)cc2F)C[C@@H]1NC(=O)c1ccc(Cl)s1,8.55,CHEMBL3885772
CO[C@H]1C[C@H](C(=O)Nc2ccc(-n3ccccc3=O)cc2F)C[C@@H]1NC(=O)c1ccc(Cl)s1,8.56,CHEMBL3885774
CO[C@H]1C[C@H](C(=O)Nc2ccc(-n3ccccc3=O)cc2F)C[C@@H]1NC(=O)c1ccc(Cl)s1,8.67,CHEMBL3885775
COC(=O)[C@@H](Cc1cc2ccnc(N)c2cc1OC(F)(F)F)N1CC[C@H](NS(=O)(=O)c2cnc(N(C)C)s2)C1=O,7.22,CHEMBL3887092
COC(=O)[C@@H](Cc1cc2ccnc(N)c2cc1OC(F)(F)F)N1CC[C@H](NS(=O)(=O)c2cnc(N(C)C)s2)C1=O,6.96,CHEMBL3887092
COC(=O)[C@@H](Cc1cc2ccnc(N)c2cc1Cl)N1CC[C@H](NS(=O)(=O)c2cnc(N3CCCC3)s2)C1=O,6.39,CHEMBL3887092
COc1cc2c(N)nccc2cc1C[C@H](C(=O)OCC1CCC1)N1CC[C@H](NS(=O)(=O)c2cnc(N(C)C)s2)C1=O,7.07,CHEMBL3887092
CCc1cc2c(N)nccc2cc1C[C@H](C(=O)O)N1CC[C@H](NS(=O)(=O)c2ccc(N3CCCC3)nc2)C1=O,6.33,CHEMBL3887092
COc1cc2c(N)nccc2cc1C[C@H](C(=O)O)N1CC[C@H](NS(=O)(=O)c2cnc(N3CCC(F)(F)C3)s2)C1=O,7.77,CHEMBL3887092
CCO[C@@H]1C[C@H](C(=O)Nc2ccc(N3CCOCC3=O)cc2)N(C(=O)Nc2ccc(Cl)cc2)C1,9.15,CHEMBL3885768
CCO[C@@H]1C[C@H](C(=O)Nc2ccc(N3CCOCC3=O)cc2)N(C(=O)Nc2ccc(Cl)cc2)C1,9.16,CHEMBL3885772
CCO[C@@H]1C[C@H](C(=O)Nc2ccc(N3CCOCC3=O)cc2)N(C(=O)Nc2ccc(Cl)cc2)C1,9.07,CHEMBL3885774
CCO[C@@H]1C[C@H](C(=O)Nc2ccc(N3CCOCC3=O)cc2)N(C(=O)Nc2ccc(Cl)cc2)C1,9.1,CHEMBL3885775
CC(C)N1CCC(NC(=O)c2nn(Cc3cc(-c4ccc(Cl)s4)on3)c3ccc(C(=O)NC#N)cc23)CC1,8.16,CHEMBL3885768
CC(C)N1CCC(NC(=O)c2nn(Cc3cc(-c4ccc(Cl)s4)on3)c3ccc(C(=O)NC#N)cc23)CC1,8.13,CHEMBL3885772
CC(C)N1CCC(NC(=O)c2nn(Cc3cc(-c4ccc(Cl)s4)on3)c3ccc(C(=O)NC#N)cc23)CC1,8.12,CHEMBL3885774
CC(C)N1CCC(NC(=O)c2nn(Cc3cc(-c4ccc(Cl)s4)on3)c3ccc(C(=O)NC#N)cc23)CC1,8.17,CHEMBL3885775
CCOC(=O)[C@@H](Cc1cc2ccnc(N)c2cc1OCCOC)N1CC[C@H](NS(=O)(=O)c2cnc(N(C)C)s2)C1=O,7.43,CHEMBL3887092
COc1cc2c(N)nccc2cc1C[C@H](C(=O)O)N1CC[C@H](NS(=O)(=O)c2cnc(N(C)C)c(C)c2)C1=O,7.14,CHEMBL3887092
CC(=O)O.CNC(=O)COc1cc(C(=N)N)ccc1CNC(=O)c1cc(Cl)cc(N(Cc2ccccc2)S(C)(=O)=O)c1,7.54,CHEMBL3885768
CC(=O)O.CNC(=O)COc1cc(C(=N)N)ccc1CNC(=O)c1cc(Cl)cc(N(Cc2ccccc2)S(C)(=O)=O)c1,7.59,CHEMBL3885772
CC(=O)O.CNC(=O)COc1cc(C(=N)N)ccc1CNC(=O)c1cc(Cl)cc(N(Cc2ccccc2)S(C)(=O)=O)c1,7.61,CHEMBL3885774
CC(=O)O.CNC(=O)COc1cc(C(=N)N)ccc1CNC(=O)c1cc(Cl)cc(N(Cc2ccccc2)S(C)(=O)=O)c1,7.7,CHEMBL3885775
COC(=O)[C@@H](Cc1cc2ccnc(N)c2cc1Cl)N1CC[C@H](NS(=O)(=O)c2cnc(N3CCC3)s2)C1=O,6.11,CHEMBL3887092
COc1cc2c(N)nccc2cc1C[C@H](C(=O)OCC(C)C)N1CC[C@H](NS(=O)(=O)c2cnc(N(C)C)s2)C1=O,7.0,CHEMBL3887092
COc1cc2c(N)nccc2cc1C[C@H](C(=O)OCC1CC1)N1CC[C@H](NS(=O)(=O)c2cnc(N3CCCC3)s2)C1=O,6.92,CHEMBL3887092
COC(=O)[C@@H](Cc1cc2ccnc(N)c2cc1Cl)N1CC[C@H](NS(=O)(=O)c2cnc(N(C)C)s2)C1=O,6.62,CHEMBL3887092
COC1CN(CC(=O)Nc2ccc(-n3ccccc3=O)cc2F)CC1NC(=O)c1ccc(Cl)s1,8.99,CHEMBL3885768
COC1CN(CC(=O)Nc2ccc(-n3ccccc3=O)cc2F)CC1NC(=O)c1ccc(Cl)s1,8.99,CHEMBL3885772
COC1CN(CC(=O)Nc2ccc(-n3ccccc3=O)cc2F)CC1NC(=O)c1ccc(Cl)s1,8.92,CHEMBL3885774
COC1CN(CC(=O)Nc2ccc(-n3ccccc3=O)cc2F)CC1NC(=O)c1ccc(Cl)s1,8.94,CHEMBL3885775
CN(C)c1ncc(S(=O)(=O)N[C@H]2CCN([C@H](Cc3cc4ccnc(N)c4cc3F)C(=O)O)C2=O)s1,7.66,CHEMBL3887092
CCOC(=O)[C@@H](Cc1cc2ccnc(N)c2cc1OC)N1CC[C@H](NS(=O)(=O)c2cnc(N(C)C)s2)C1=O,7.68,CHEMBL3887092
COC(=O)[C@@H](Cc1cc2ccnc(N)c2cc1OC(F)(F)F)N1CC[C@H](NS(=O)(=O)c2cnc(N3CCC3)s2)C1=O,5.71,CHEMBL3887092
CN(C)c1ccc(S(=O)(=O)N[C@H]2CCN([C@H](Cc3cc4ccnc(N)c4cc3Cl)C(=O)O)C2=O)cn1,7.8,CHEMBL3887092
O=C(Nc1ccc(N2CCOCC2=O)cc1)[C@H]1C[C@@H](O)CN1C(=O)Nc1ccc(Cl)cc1,9.01,CHEMBL3885768
O=C(Nc1ccc(N2CCOCC2=O)cc1)[C@H]1C[C@@H](O)CN1C(=O)Nc1ccc(Cl)cc1,9.03,CHEMBL3885772
O=C(Nc1ccc(N2CCOCC2=O)cc1)[C@H]1C[C@@H](O)CN1C(=O)Nc1ccc(Cl)cc1,8.92,CHEMBL3885774
O=C(Nc1ccc(N2CCOCC2=O)cc1)[C@H]1C[C@@H](O)CN1C(=O)Nc1ccc(Cl)cc1,8.92,CHEMBL3885775
COc1cc2c(N)nccc2cc1C[C@H](C(=O)O)N1CC[C@H](NS(=O)(=O)c2cnc(N3CC[C@@H](F)C3)s2)C1=O,8.1,CHEMBL3887092
N=C(N)c1cccc(Oc2cc([N+](=O)[O-])ccc2C(=O)Nc2ccc(-c3ccccc3S(N)(=O)=O)cc2)c1,8.32,CHEMBL885070
N=C(c1ccc(C(=O)N2CCN(S(=O)(=O)c3cc4cc(Cl)ccc4[nH]3)CC2)cc1)N1CCC1,7.62,CHEMBL659609
N=C(N)c1cccc(Oc2cc(N)ccc2C(=O)Nc2ccc(-c3ccccc3S(N)(=O)=O)cc2)c1,7.72,CHEMBL885070
N=C(N)c1cccc(OCC(NC(=O)c2ccc(-c3ccccc3S(N)(=O)=O)cc2)c2ccccc2)c1,8.47,CHEMBL885070
N=C(N)c1cccc(Oc2ccc(Br)cc2C(=O)Nc2ccc(-c3ccccc3S(N)(=O)=O)cc2)c1,8.36,CHEMBL885070
CN(CCOc1cccc(C(=N)N)c1)C(=O)c1ccc(-c2ccccc2S(N)(=O)=O)cc1,7.62,CHEMBL885070
N=C(N)c1cccc(Oc2ccccc2C(=O)Nc2ccc(-c3ccccc3S(N)(=O)=O)cc2)c1,8.14,CHEMBL885070
N=C(N)c1cccc(OCC(Cc2ccccc2)NC(=O)c2ccc(-c3ccccc3S(N)(=O)=O)cc2)c1,8.25,CHEMBL885070
N=C(N)c1cccc(OCCNC(=O)c2ccc(-c3ccccc3S(N)(=O)=O)cc2)c1,8.12,CHEMBL885070
Nc1nccc2ccc(Oc3ccc(F)cc3NC(=O)c3ccc(-c4ccccc4S(N)(=O)=O)cc3)cc12,5.88,CHEMBL885070
O=C(NC[C@H]1CN(c2ccc(N3CCOCC3=O)cc2)C(=O)O1)c1ccc(Cl)nc1,7.13,CHEMBL3885768
O=C(NC[C@H]1CN(c2ccc(N3CCOCC3=O)cc2)C(=O)O1)c1ccc(Cl)nc1,7.13,CHEMBL3885772
O=C(NC[C@H]1CN(c2ccc(N3CCOCC3=O)cc2)C(=O)O1)c1ccc(Cl)nc1,7.13,CHEMBL3885774
O=C(NC[C@H]1CN(c2ccc(N3CCOCC3=O)cc2)C(=O)O1)c1ccc(Cl)nc1,7.04,CHEMBL3885775
CCN1CCN=C1c1ccc(C(=O)N2CCN(S(=O)(=O)c3cc4ccc(Cl)cc4s3)CC2)cc1,7.44,CHEMBL659609
N=C(N)c1cccc(OCCN2Cc3cc(-c4ccccc4S(N)(=O)=O)ccc3C2=O)c1,8.44,CHEMBL885070
N=C(N)c1cccc(Oc2cc(Br)ccc2C(=O)Nc2ccc(-c3ccccc3S(N)(=O)=O)cc2)c1,8.92,CHEMBL885070
N=C(N)c1cccc(Oc2cc(Cl)ccc2C(=O)Nc2ccc(-c3ccccc3S(N)(=O)=O)cc2)c1,8.82,CHEMBL885070
COc1ccc(NC(=O)c2ccc(-c3ccccc3S(N)(=O)=O)cc2)c(Oc2cccc(C(=N)N)c2)c1,8.8,CHEMBL885070
CN1CCN=C1c1ccc(C(=O)N2CCN(S(=O)(=O)c3cc4cc(Cl)ccc4[nH]3)CC2CC(=O)N2CCOCC2)cc1,7.96,CHEMBL659609
Cc1ccc(NC(=O)c2ccc(-c3ccccc3S(N)(=O)=O)cc2)c(Oc2cccc(C(=N)N)c2)c1,8.0,CHEMBL885070
N=C(c1ccc(C(=O)N2CCN(S(=O)(=O)c3ccc4cc(Br)ccc4c3)CC2)cc1)N1CCCC1,6.41,CHEMBL659609
CC(COc1ccc2ccnc(N)c2c1)N1Cc2cc(-c3ccccc3S(N)(=O)=O)ccc2C1=O,7.6,CHEMBL885070
CN(C)c1ccc(Oc2cccc(C(=N)N)c2)c(C(=O)Nc2ccc(-c3ccccc3S(N)(=O)=O)cc2)c1,8.0,CHEMBL885070
N=C(N)c1cccc(Oc2ccc(C(F)(F)F)cc2NC(=O)c2ccc(-c3ccccc3S(N)(=O)=O)cc2)c1,8.6,CHEMBL885070
N=C(N)c1cccc(Oc2ccc(N)cc2C(=O)Nc2ccc(-c3ccccc3S(N)(=O)=O)cc2)c1,7.92,CHEMBL885070
N=C(N)c1cccc(Oc2ccc(Br)cc2NC(=O)c2ccc(-c3ccccc3S(N)(=O)=O)cc2)c1,8.8,CHEMBL885070
CS(=O)(=O)c1ccc(Oc2ccc3ccnc(N)c3c2)c(NC(=O)c2ccc(-c3ccccc3S(N)(=O)=O)cc2)c1,5.22,CHEMBL885070
CC(=O)Nc1ccc(C(=O)Nc2ccc(-c3ccccc3S(N)(=O)=O)cc2)c(Oc2cccc(C(=N)N)c2)c1,7.21,CHEMBL885070
CS(=O)(=O)Nc1ccc(C(=O)Nc2ccc(-c3ccccc3S(N)(=O)=O)cc2)c(Oc2cccc(C(=N)N)c2)c1,7.51,CHEMBL885070
COC(=O)[C@H](Cc1cccc(C(=N)N)c1)[C@@H](C)NC(=O)c1ccc(-c2cc[n+]([O-])cc2)cc1,9.07,CHEMBL3885768
COC(=O)[C@H](Cc1cccc(C(=N)N)c1)[C@@H](C)NC(=O)c1ccc(-c2cc[n+]([O-])cc2)cc1,9.17,CHEMBL3885772
COC(=O)[C@H](Cc1cccc(C(=N)N)c1)[C@@H](C)NC(=O)c1ccc(-c2cc[n+]([O-])cc2)cc1,9.03,CHEMBL3885774
COC(=O)[C@H](Cc1cccc(C(=N)N)c1)[C@@H](C)NC(=O)c1ccc(-c2cc[n+]([O-])cc2)cc1,9.13,CHEMBL3885775
Nc1nccc2ccc(OCCN3Cc4cc(-c5ccccc5S(N)(=O)=O)ccc4C3=O)cc12,7.66,CHEMBL885070
CS(=O)(=O)Nc1ccc(Oc2cccc(C(=N)N)c2)c(C(=O)Nc2ccc(-c3ccccc3S(N)(=O)=O)cc2)c1,8.27,CHEMBL885070
N=C(N)c1cccc(OCCN(CC(=O)O)C(=O)c2ccc(-c3ccccc3S(N)(=O)=O)cc2)c1,7.47,CHEMBL885070
CC(COc1cccc(C(=N)N)c1)NC(=O)c1ccc(-c2ccccc2S(N)(=O)=O)cc1,7.8,CHEMBL885070
Nc1nccc2ccc(Oc3ccc(C(F)(F)F)cc3NC(=O)c3ccc(-c4ccccc4S(N)(=O)=O)cc3)cc12,5.74,CHEMBL885070
N=C(N)c1cccc(OCCN(Cc2cccnc2)C(=O)c2ccc(-c3ccccc3S(N)(=O)=O)cc2)c1,7.96,CHEMBL885070
N=C(N)c1cccc(Oc2cc(Cl)ccc2NC(=O)c2ccc(-c3ccccc3S(N)(=O)=O)cc2)c1,8.8,CHEMBL885070
Cc1ccc(NC(=O)c2cc(Cl)ccc2NC(=O)c2ccc(C(=N)N(C)C)cc2)nc1,8.96,CHEMBL968695
CN(C)C(=N)c1ccc(C(=O)Nc2ccc(Cl)cc2C(=O)Nc2ccc(Cl)nc2)cc1,8.52,CHEMBL968695
CN(C)C(=N)c1ccc(C(=O)Nc2ccc(Cl)cc2C(=O)Nc2ccc(Cl)cc2)cc1,9.15,CHEMBL968695
COc1cc(C(=O)Nc2ccc(Cl)cc2C(=O)Nc2ccc(Cl)cn2)ccc1C(=N)N(C)C,8.15,CHEMBL968695
CN(C)C(=N)c1ccc(C(=O)Nc2ccc(Cl)cc2C(=O)Nc2ccc(Cl)cn2)c(N2CCCC2)c1,8.7,CHEMBL968695
C#Cc1ccc(NC(=O)c2cc(Cl)ccc2NC(=O)c2ccc(C(=N)N(C)C)cc2)cc1,9.05,CHEMBL968695
CN(C)C(=N)c1ccc(C(=O)Nc2ccc(Cl)cc2C(=O)Nc2ccc(Cl)s2)cc1,8.22,CHEMBL968695
N=C(N)c1cccc(Oc2ccc(F)cc2NC(=O)c2ccc(-c3ccccc3S(N)(=O)=O)cc2)c1,8.35,CHEMBL885070
CN(C)C(=N)c1ccc(C(=O)Nc2ccc(Cl)cc2C(=O)Nc2ccc(Cl)cn2)cc1F,8.96,CHEMBL968695
CN(C)C(=N)c1ccc(C(=O)Nc2ccccc2C(=O)Nc2ccc(Cl)cn2)cc1,8.52,CHEMBL968695
CN(C)C(=N)c1ccc(C(=O)Nc2c(Cl)cccc2C(=O)Nc2ccc(Cl)cn2)cc1,7.68,CHEMBL968695
CN(C)C(=N)c1ccc(C(=O)Nc2ccc(Cl)cc2C(=O)Nc2ccc(Cl)cn2)c(N2CCOCC2)c1,9.15,CHEMBL968695
CN(C)C(=N)c1ccc(C(=O)Nc2ccc(Cl)cc2C(=O)Nc2ccc(Cl)cn2)c(N2CCCCCC2)c1,9.0,CHEMBL968695
CCSc1ccc(NC(=O)c2ccc(C(=N)N(C)C)cc2)c(C(=O)Nc2ccc(Cl)cn2)c1,8.89,CHEMBL968695
N=C(N)c1cccc(Oc2cc(O)ccc2NC(=O)c2ccc(-c3ccccc3S(N)(=O)=O)cc2)c1,8.41,CHEMBL885070
Nc1nccc2ccc(Oc3ccccc3NC(=O)c3ccc(-c4ccccc4S(N)(=O)=O)cc3)cc12,6.19,CHEMBL885070
COC(=O)CN(CCOc1cccc(C(=N)N)c1)C(=O)c1ccc(-c2ccccc2S(N)(=O)=O)cc1,7.89,CHEMBL885070
CN(C)C(=N)c1ccc(C(=O)Nc2ccc(S(C)(=O)=O)cc2C(=O)Nc2ccc(Cl)cn2)cc1,8.82,CHEMBL968695
CN(C)C(=N)c1ccc(C(=O)Nc2ccsc2C(=O)Nc2ccc(Cl)cn2)cc1,8.7,CHEMBL968695
CCOc1cc(Cl)cc(C(=O)Nc2ccc(Cl)cn2)c1NC(=O)c1ccc(C(=N)N(C)C)cc1,9.22,CHEMBL968695
COc1cc(C(=N)N(C)C)ccc1C(=O)Nc1ccc(Cl)cc1C(=O)Nc1ccc(Cl)cn1,9.3,CHEMBL968695
COCCOc1cc(C(=N)N(C)C)ccc1C(=O)Nc1ccc(Cl)cc1C(=O)Nc1ccc(Cl)cn1,8.92,CHEMBL968695
CCN(C)c1cc(Cl)cc(C(=O)Nc2ccc(Cl)cn2)c1NC(=O)c1ccc(C(=N)N(C)C)cc1,9.3,CHEMBL968695
COCCN(C)c1cc(Cl)cc(C(=O)Nc2ccc(Cl)cn2)c1NC(=O)c1ccc(C(=N)N(C)C)cc1,8.92,CHEMBL968695
CN(C)C(=N)c1ccc(C(=O)Nc2ccc(Cl)cc2C(=O)Nc2ccc(F)cn2)cc1,8.52,CHEMBL968695
CN(C)C(=N)c1ccc(C(=O)Nc2c(C(=O)Nc3ccc(Cl)cn3)cc(Cl)cc2N2CCCCC2)cc1,9.05,CHEMBL968695
CN(C)C(=N)c1ccc(C(=O)Nc2ccc(Cl)cc2C(=O)Nc2ccc(Cl)cn2)c(N(C)C)c1,8.52,CHEMBL968695
CN(C)C(=N)c1ccc(C(=O)Nc2cc(Cl)ccc2C(=O)Nc2ccc(Cl)cn2)cc1,8.7,CHEMBL968695
N=C(c1ccc(C(=O)Nc2ccc(Cl)cc2C(=O)Nc2ccc(Cl)cn2)cc1)N1CCCC1,8.7,CHEMBL968695
CN(C)C(=N)c1ccc(C(=O)Nc2ccc(Cl)cc2C(=O)Nc2ccc(Cl)cn2)c(N2CCC2)c1,9.4,CHEMBL968695
N=C(c1ccc(C(=O)Nc2ccc(Cl)cc2C(=O)Nc2ccc(Cl)cn2)cc1)N1CCCCC1,8.89,CHEMBL968695
CN1CCN=C1c1ccc(C(=O)Nc2ccc(Cl)cc2C(=O)Nc2ccc(Cl)cn2)cc1,8.82,CHEMBL968695
CN(C)C(=N)c1ccc(C(=O)Nc2ccc(OC(F)(F)F)cc2C(=O)Nc2ccc(Cl)cn2)cc1,7.77,CHEMBL968695
CN(C)C(=N)c1csc(C(=O)Nc2ccc(Cl)cc2C(=O)Nc2ccc(Cl)cn2)c1,9.0,CHEMBL968695
CCN1CCN=C1c1ccc(C(=O)Nc2ccc(Cl)cc2C(=O)Nc2ccc(Cl)cn2)cc1,8.22,CHEMBL968695
Cc1ccc(NC(=O)c2ccc(C(=N)N(C)C)cc2)c(C(=O)Nc2ccc(Cl)cn2)c1,9.15,CHEMBL968695
CN(C)C(=N)c1ccc(C(=O)Nc2ccc(OCC(F)(F)F)cc2C(=O)Nc2ccc(Cl)cn2)cc1,8.0,CHEMBL968695
CC(C)Oc1cc(Cl)cc(C(=O)Nc2ccc(Cl)cn2)c1NC(=O)c1ccc(C(=N)N(C)C)cc1,9.3,CHEMBL968695
CCc1ccc(NC(=O)c2ccc(C(=N)N(C)C)cc2)c(C(=O)Nc2ccc(Cl)cn2)c1,9.0,CHEMBL968695
CN(C)c1ccc(C(=O)Nc2ccc(-c3ccccc3S(N)(=O)=O)cc2)c(Oc2cccc(C(=N)N)c2)c1,7.8,CHEMBL885070
COC(=O)c1ccc(Oc2cccc(C(=N)N)c2)c(NC(=O)c2ccc(-c3ccccc3S(N)(=O)=O)cc2)c1,8.6,CHEMBL885070
CNc1ccc(C(=O)Nc2ccc(-c3ccccc3S(N)(=O)=O)cc2)c(Oc2cccc(C(=N)N)c2)c1,7.92,CHEMBL885070
CS(=O)(=O)c1ccc(Oc2cccc(C(=N)N)c2)c(NC(=O)c2ccc(-c3ccccc3S(N)(=O)=O)cc2)c1,8.74,CHEMBL885070
N=C(N)c1ccc(CN2CCN(S(=O)(=O)c3cc4ccc(Cl)cc4s3)CC2=O)cc1,8.81,CHEMBL3885768
N=C(N)c1ccc(CN2CCN(S(=O)(=O)c3cc4ccc(Cl)cc4s3)CC2=O)cc1,8.79,CHEMBL3885772
N=C(N)c1ccc(CN2CCN(S(=O)(=O)c3cc4ccc(Cl)cc4s3)CC2=O)cc1,8.74,CHEMBL3885774
N=C(N)c1ccc(CN2CCN(S(=O)(=O)c3cc4ccc(Cl)cc4s3)CC2=O)cc1,8.77,CHEMBL3885775
CN(C)C(=N)c1ccc(C(=O)Nc2ccc(F)cc2C(=O)Nc2ccc(Cl)cn2)cc1,8.85,CHEMBL968695
COc1ccc(NC(=O)c2ccc(C(=N)N(C)C)cc2)c(C(=O)Nc2ccc(Cl)cn2)c1,8.82,CHEMBL968695
C#Cc1ccc(NC(=O)c2cc(Cl)ccc2NC(=O)c2ccc(C(=N)N(C)C)cc2)nc1,9.1,CHEMBL968695
CN(C)C(=N)c1ccc(C(=O)Nc2c(C(=O)Nc3ccc(Cl)cn3)cc(Cl)cc2N(C)C)cc1,9.3,CHEMBL968695
N=C(c1ccc(C(=O)Nc2ccc(Cl)cc2C(=O)Nc2ccc(Cl)cn2)cc1)N1CCOCC1,8.7,CHEMBL968695
CN(C)C(=N)c1ccc(C(=O)Nc2ccc(Cl)cc2C(=O)Nc2ccc(Cl)cn2)cn1,8.52,CHEMBL968695
CN(C)C(=N)c1ccc(C(=O)Nc2c(C(=O)Nc3ccc(Cl)cn3)cc(Cl)cc2N2CCOCC2)cc1,8.89,CHEMBL968695
CN(C)C(=N)c1ccc(C(=O)Nc2ccc(C(F)(F)F)cc2C(=O)Nc2ccc(Cl)cn2)cc1,8.89,CHEMBL968695
COCCN(C)c1cc(C(=N)N(C)C)ccc1C(=O)Nc1ccc(Cl)cc1C(=O)Nc1ccc(Cl)cn1,9.3,CHEMBL968695
COc1cc(Cl)cc(C(=O)Nc2ccc(Cl)cn2)c1NC(=O)c1ccc(C(=N)N(C)C)cc1,9.22,CHEMBL968695
CCN(C)C(=N)c1ccc(C(=O)Nc2ccc(Cl)cc2C(=O)Nc2ccc(Cl)cn2)cc1,9.05,CHEMBL968695
COc1ccc(NC(=O)c2ccc(C(=N)N(C)C)cc2F)c(C(=O)Nc2ccc(Cl)cn2)c1,9.15,CHEMBL968695
CN(C)C(=N)c1ccc(C(=O)Nc2ccc(C#N)cc2C(=O)Nc2ccc(Cl)cn2)cc1,8.92,CHEMBL968695
N=C(c1ccc(C(=O)Nc2ccc(Cl)cc2C(=O)Nc2ccc(Cl)cn2)cc1)N1CCC1,8.92,CHEMBL968695
O=C(CN1C[C@H](F)[C@@H](NC(=O)c2ccc(Cl)s2)C1)Nc1ccc(-n2ccccc2=O)cc1F,8.11,CHEMBL3885768
O=C(CN1C[C@H](F)[C@@H](NC(=O)c2ccc(Cl)s2)C1)Nc1ccc(-n2ccccc2=O)cc1F,8.14,CHEMBL3885772
O=C(CN1C[C@H](F)[C@@H](NC(=O)c2ccc(Cl)s2)C1)Nc1ccc(-n2ccccc2=O)cc1F,8.02,CHEMBL3885774
O=C(CN1C[C@H](F)[C@@H](NC(=O)c2ccc(Cl)s2)C1)Nc1ccc(-n2ccccc2=O)cc1F,8.09,CHEMBL3885775
O=C(CN1CC[C@@H](NC(=O)c2ccc(Cl)s2)C1)Nc1ccc(-n2ccccc2=O)cc1F,8.78,CHEMBL3885768
O=C(CN1CC[C@@H](NC(=O)c2ccc(Cl)s2)C1)Nc1ccc(-n2ccccc2=O)cc1F,8.73,CHEMBL3885772
O=C(CN1CC[C@@H](NC(=O)c2ccc(Cl)s2)C1)Nc1ccc(-n2ccccc2=O)cc1F,8.69,CHEMBL3885774
O=C(CN1CC[C@@H](NC(=O)c2ccc(Cl)s2)C1)Nc1ccc(-n2ccccc2=O)cc1F,8.76,CHEMBL3885775
O=C(Cn1cnc(NC(=O)c2ccc(Cl)s2)n1)Nc1ccc(-n2ccccc2=O)cc1F,8.84,CHEMBL3885768
O=C(Cn1cnc(NC(=O)c2ccc(Cl)s2)n1)Nc1ccc(-n2ccccc2=O)cc1F,8.89,CHEMBL3885772
O=C(Cn1cnc(NC(=O)c2ccc(Cl)s2)n1)Nc1ccc(-n2ccccc2=O)cc1F,8.76,CHEMBL3885774
O=C(Cn1cnc(NC(=O)c2ccc(Cl)s2)n1)Nc1ccc(-n2ccccc2=O)cc1F,8.76,CHEMBL3885775
CN1CCN=C1c1ccc(C(=O)N2CCN(S(=O)(=O)c3cc4cc(Cl)ccc4[nH]3)CC2C(=O)O)cc1,7.92,CHEMBL659609
CN1CCN=C1c1ccc(C(=O)N2CCN(S(=O)(=O)c3cc4cc(Cl)ccc4[nH]3)CC2CC(=O)N2CCCC2)cc1,8.15,CHEMBL659609
N=C(c1ccc(C(=O)N2CCN(S(=O)(=O)c3ccc4cc(Br)ccc4c3)CC2)cc1)N1CCOCC1,6.19,CHEMBL659609
N=C(c1ccc(CN2CCN(S(=O)(=O)c3cc4cc(Cl)ccc4[nH]3)CC2=O)cc1)N1CCC1,8.1,CHEMBL659609
N=C(N)c1ccc(C(=O)N2CCN(S(=O)(=O)c3ccc4cc(Br)ccc4c3)CC2)cc1,7.19,CHEMBL659609
CCN1CCN=C1c1ccc(C(=O)N2CCN(S(=O)(=O)c3ccc4cc(Br)ccc4c3)CC2)cc1,7.17,CHEMBL659609
COC(=O)C1CN(S(=O)(=O)c2cc3cc(Cl)ccc3[nH]2)CCN1C(=O)c1ccc(C2=NCCN2C)cc1,7.57,CHEMBL659609
COC(=O)CC1CN(S(=O)(=O)c2cc3ccc(Cl)cc3s2)CCN1C(=O)c1ccc(C2=NCCN2C)cc1,7.89,CHEMBL659609
N=C(c1ccc(CN2CCN(S(=O)(=O)c3cc4ccc(Cl)cc4s3)CC2=O)cc1)N1CCCC1,6.85,CHEMBL659609
CN(C)C(=N)c1ccc(C(=O)N2CCN(S(=O)(=O)c3cc4ccc(Cl)cc4s3)CC2)cc1,7.57,CHEMBL659609
CN1CCN=C1c1ccc(C(=O)N2CCN(S(=O)(=O)c3cc4ccc(Cl)cc4s3)CC2CC(=O)N2CCC2)cc1,8.0,CHEMBL659609
CN1CCN=C1c1ccc(C(=O)N2CCN(S(=O)(=O)c3cc4cc(Cl)ccc4[nH]3)CC2CC(=O)N2CCN(c3ccncc3)CC2)cc1,8.1,CHEMBL659609
CN1CCCN=C1c1ccc(C(=O)N2CCN(S(=O)(=O)c3ccc4cc(Br)ccc4c3)CC2)cc1,6.37,CHEMBL659609
C#CCN(C)C(=O)CC1CN(S(=O)(=O)c2cc3cc(Cl)ccc3[nH]2)CCN1C(=O)c1ccc(C2=NCCN2C)cc1,7.85,CHEMBL659609
COC(=O)C1CCN(C(=O)CC2CN(S(=O)(=O)c3cc4ccc(Cl)cc4s3)CCN2C(=O)c2ccc(C3=NCCN3C)cc2)CC1,8.1,CHEMBL659609
O=C(c1ccc(C2=NCCCN2)cc1)N1CCN(S(=O)(=O)c2ccc3cc(Br)ccc3c2)CC1,5.89,CHEMBL659609
N=C(c1ccc(C(=O)N2CCN(S(=O)(=O)c3cc4ccc(Cl)cc4s3)CC2)cc1)N1CCC1,7.6,CHEMBL659609
COC(=O)CC1CN(S(=O)(=O)c2cc3cc(Cl)ccc3[nH]2)CCN1C(=O)c1ccc(C2=NCCN2C)cc1,8.52,CHEMBL659609
CN1CCN=C1c1ccc(C(=O)N2CCN(S(=O)(=O)c3cc4ccc(Cl)cc4s3)CC2CC(=O)N2CCOCC2)cc1,7.82,CHEMBL659609
CCN(C)C(=N)c1ccc(C(=O)N2CCN(S(=O)(=O)c3cc4ccc(Cl)cc4s3)CC2)cc1,7.05,CHEMBL659609
CN(C)C(=N)c1ccc(CN2CCN(S(=O)(=O)c3cc4ccc(Cl)cc4s3)CC2=O)cc1,7.52,CHEMBL659609
CN1CCN=C1c1ccc(C(=O)N2CCN(S(=O)(=O)c3cc4ccc(Cl)cc4s3)CC2CC(=O)N2CCCCC2)cc1,8.22,CHEMBL659609
O=C(c1ccc(C2=NCCN2)cc1)N1CCN(S(=O)(=O)c2ccc3cc(Br)ccc3c2)CC1,6.28,CHEMBL659609
N=C(c1ccc(C(=O)N2CCN(S(=O)(=O)c3cc4cc(Cl)ccc4[nH]3)CC2)cc1)N1CCCCC1,6.92,CHEMBL659609
C/N=C(\N)c1ccc(C(=O)N2CCN(S(=O)(=O)c3ccc4cc(Br)ccc4c3)CC2)cc1,6.64,CHEMBL659609
CCN1CCN=C1c1ccc(C(=O)N2CCN(S(=O)(=O)c3cc4cc(Cl)ccc4[nH]3)CC2)cc1,7.92,CHEMBL659609
CN(C)C(=N)c1ccc(C(=O)N2CCN(S(=O)(=O)c3ccc4cc(Br)ccc4c3)CC2)cc1,6.64,CHEMBL659609
CCN(C)C(=N)c1ccc(C(=O)N2CCN(S(=O)(=O)c3cc4cc(Cl)ccc4[nH]3)CC2)cc1,7.57,CHEMBL659609
CN(C)C(=O)CC1CN(S(=O)(=O)c2cc3cc(Cl)ccc3[nH]2)CCN1C(=O)c1ccc(C2=NCCN2C)cc1,8.0,CHEMBL659609
N=C(c1ccc(C(=O)N2CCN(S(=O)(=O)c3cc4ccc(Cl)cc4s3)CC2)cc1)N1CCCC1,7.16,CHEMBL659609
CN1CCN=C1c1ccc(C(=O)N2CCN(S(=O)(=O)c3ccc4cc(Br)ccc4c3)CC2)cc1,7.51,CHEMBL659609
CN1CCN=C1c1ccc(C(=O)N2CCN(S(=O)(=O)c3cc4cc(Cl)ccc4[nH]3)CC2CC(=O)N2CCC2)cc1,8.3,CHEMBL659609
Cc1cc(C)cc(CNC(=O)c2cc3c(C)cccc3n2Cc2cccc(C(=N)N)c2)c1,7.14,CHEMBL3885768
Cc1cc(C)cc(CNC(=O)c2cc3c(C)cccc3n2Cc2cccc(C(=N)N)c2)c1,7.17,CHEMBL3885772
Cc1cc(C)cc(CNC(=O)c2cc3c(C)cccc3n2Cc2cccc(C(=N)N)c2)c1,7.17,CHEMBL3885774
Cc1cc(C)cc(CNC(=O)c2cc3c(C)cccc3n2Cc2cccc(C(=N)N)c2)c1,7.19,CHEMBL3885775
